model_id,units,dropout,num_layers,bidirectional,lr,batch_size,epochs,patience,test_mae,test_mse
0,32,0.1,1,False,1e-05,64,25,25,0.2808087170124054,0.08995985984802246
1,32,0.1,1,False,1e-05,128,25,25,0.24035021662712097,0.07035346329212189
2,32,0.1,1,False,0.0001,64,25,25,0.46750327944755554,0.24741682410240173
3,32,0.1,1,False,0.0001,128,25,25,0.4783444404602051,0.2577485144138336
4,32,0.1,1,False,0.001,64,25,25,0.648902416229248,0.4623320698738098
5,32,0.1,1,False,0.001,128,25,25,0.5277450680732727,0.3033164441585541
6,32,0.1,1,True,1e-05,64,25,25,0.29505327343940735,0.10412171483039856
7,32,0.1,1,True,1e-05,128,25,25,0.24765940010547638,0.06149294227361679
8,32,0.1,1,True,0.0001,64,25,25,0.3737911283969879,0.16269946098327637
9,32,0.1,1,True,0.0001,128,25,25,0.41074326634407043,0.202838733792305
10,32,0.1,1,True,0.001,64,25,25,0.43850234150886536,0.21917663514614105
11,32,0.1,1,True,0.001,128,25,25,0.3778710961341858,0.17435695230960846
12,32,0.1,2,False,1e-05,64,25,25,0.46571072936058044,0.09289108216762543
13,32,0.1,2,False,1e-05,128,25,25,0.4482777714729309,0.07919665426015854
14,32,0.1,2,False,0.0001,64,25,25,0.4429326057434082,0.22409912943840027
15,32,0.1,2,False,0.0001,128,25,25,0.5443389415740967,0.3462054431438446
16,32,0.1,2,False,0.001,64,25,25,0.41537219285964966,0.20392835140228271
17,32,0.1,2,False,0.001,128,25,25,0.4462127983570099,0.23388706147670746
18,32,0.1,2,True,1e-05,64,25,25,0.6162551641464233,0.09235502779483795
19,32,0.1,2,True,1e-05,128,25,25,0.6505852937698364,0.13429978489875793
20,32,0.1,2,True,0.0001,64,25,25,0.2772988975048065,0.10706876218318939
21,32,0.1,2,True,0.0001,128,25,25,0.22842752933502197,0.0896238163113594
22,32,0.1,2,True,0.001,64,25,25,0.3231993317604065,0.13748116791248322
23,32,0.1,2,True,0.001,128,25,25,0.32353687286376953,0.13737432658672333
24,32,0.1,3,False,1e-05,64,25,25,0.6896706223487854,0.10631918162107468
25,32,0.1,3,False,1e-05,128,25,25,0.6821759343147278,0.10060931742191315
26,32,0.1,3,False,0.0001,64,25,25,0.42808058857917786,0.20688316226005554
27,32,0.1,3,False,0.0001,128,25,25,0.4150802791118622,0.19416749477386475
28,32,0.1,3,False,0.001,64,25,25,0.38544777035713196,0.1753678321838379
29,32,0.1,3,False,0.001,128,25,25,0.39264845848083496,0.18017351627349854
30,32,0.1,3,True,1e-05,64,25,25,0.7461043000221252,0.07865365594625473
31,32,0.1,3,True,1e-05,128,25,25,0.7712864875793457,0.08474626392126083
32,32,0.1,3,True,0.0001,64,25,25,0.2968471646308899,0.11586946249008179
33,32,0.1,3,True,0.0001,128,25,25,0.2115049660205841,0.07781536132097244
34,32,0.1,3,True,0.001,64,25,25,0.3167151212692261,0.13509710133075714
35,32,0.1,3,True,0.001,128,25,25,0.2757422924041748,0.11015557497739792
36,32,0.2,1,False,1e-05,64,25,25,0.23276181519031525,0.061643555760383606
37,32,0.2,1,False,1e-05,128,25,25,0.30339527130126953,0.10916116088628769
38,32,0.2,1,False,0.0001,64,25,25,0.4976802170276642,0.2759852409362793
39,32,0.2,1,False,0.0001,128,25,25,0.497488409280777,0.2790800631046295
40,32,0.2,1,False,0.001,64,25,25,0.5184209942817688,0.30703333020210266
41,32,0.2,1,False,0.001,128,25,25,0.5468499064445496,0.3364547789096832
42,32,0.2,1,True,1e-05,64,25,25,0.4119125008583069,0.16414274275302887
43,32,0.2,1,True,1e-05,128,25,25,0.2874903678894043,0.08195021748542786
44,32,0.2,1,True,0.0001,64,25,25,0.42695873975753784,0.2085409164428711
45,32,0.2,1,True,0.0001,128,25,25,0.41495582461357117,0.19895663857460022
46,32,0.2,1,True,0.001,64,25,25,0.4304566979408264,0.21670162677764893
47,32,0.2,1,True,0.001,128,25,25,0.39136558771133423,0.18352828919887543
48,32,0.2,2,False,1e-05,64,25,25,0.44225195050239563,0.07297104597091675
49,32,0.2,2,False,1e-05,128,25,25,0.45411571860313416,0.0739307701587677
50,32,0.2,2,False,0.0001,64,25,25,0.44627639651298523,0.2253032624721527
51,32,0.2,2,False,0.0001,128,25,25,0.4743463099002838,0.2558550238609314
52,32,0.2,2,False,0.001,64,25,25,0.4240683913230896,0.21059875190258026
53,32,0.2,2,False,0.001,128,25,25,0.4005889892578125,0.19370701909065247
54,32,0.2,2,True,1e-05,64,25,25,0.6188651323318481,0.11644211411476135
55,32,0.2,2,True,1e-05,128,25,25,0.6044145822525024,0.09525863826274872
56,32,0.2,2,True,0.0001,64,25,25,0.27640005946159363,0.1094503402709961
57,32,0.2,2,True,0.0001,128,25,25,0.2589191198348999,0.10070396214723587
58,32,0.2,2,True,0.001,64,25,25,0.3112524151802063,0.130064457654953
59,32,0.2,2,True,0.001,128,25,25,0.31927770376205444,0.13391129672527313
60,32,0.2,3,False,1e-05,64,25,25,0.6244010329246521,0.07375463843345642
61,32,0.2,3,False,1e-05,128,25,25,0.645866334438324,0.08440075814723969
62,32,0.2,3,False,0.0001,64,25,25,0.45925194025039673,0.23961855471134186
63,32,0.2,3,False,0.0001,128,25,25,0.40921327471733093,0.18949879705905914
64,32,0.2,3,False,0.001,64,25,25,0.4205246567726135,0.20428074896335602
65,32,0.2,3,False,0.001,128,25,25,0.4441991448402405,0.22749656438827515
66,32,0.2,3,True,1e-05,64,25,25,0.7581470608711243,0.08331267535686493
67,32,0.2,3,True,1e-05,128,25,25,0.7817035913467407,0.0969935953617096
68,32,0.2,3,True,0.0001,64,25,25,0.32627782225608826,0.13594192266464233
69,32,0.2,3,True,0.0001,128,25,25,0.2891223132610321,0.11136727035045624
70,32,0.2,3,True,0.001,64,25,25,0.2969212830066681,0.12470653653144836
71,32,0.2,3,True,0.001,128,25,25,0.3087307810783386,0.1302276998758316
72,32,0.3,1,False,1e-05,64,25,25,0.23461058735847473,0.067699134349823
73,32,0.3,1,False,1e-05,128,25,25,0.2386317402124405,0.06531336158514023
74,32,0.3,1,False,0.0001,64,25,25,0.5541545152664185,0.3429757058620453
75,32,0.3,1,False,0.0001,128,25,25,0.5336647629737854,0.3198103904724121
76,32,0.3,1,False,0.001,64,25,25,0.5453665852546692,0.33221715688705444
77,32,0.3,1,False,0.001,128,25,25,0.534569263458252,0.322389155626297
78,32,0.3,1,True,1e-05,64,25,25,0.23951178789138794,0.0567731112241745
79,32,0.3,1,True,1e-05,128,25,25,0.38510894775390625,0.14796175062656403
80,32,0.3,1,True,0.0001,64,25,25,0.47943416237831116,0.2608940899372101
81,32,0.3,1,True,0.0001,128,25,25,0.5134130716323853,0.29644644260406494
82,32,0.3,1,True,0.001,64,25,25,0.4453512132167816,0.22797554731369019
83,32,0.3,1,True,0.001,128,25,25,0.4828870892524719,0.2640272080898285
84,32,0.3,2,False,1e-05,64,25,25,0.516250729560852,0.10625938326120377
85,32,0.3,2,False,1e-05,128,25,25,0.42378655076026917,0.06897792965173721
86,32,0.3,2,False,0.0001,64,25,25,0.5379921793937683,0.33112314343452454
87,32,0.3,2,False,0.0001,128,25,25,0.48940539360046387,0.26908525824546814
88,32,0.3,2,False,0.001,64,25,25,0.4154394268989563,0.19999372959136963
89,32,0.3,2,False,0.001,128,25,25,0.4298745393753052,0.21607337892055511
90,32,0.3,2,True,1e-05,64,25,25,0.5926893353462219,0.10536590218544006
91,32,0.3,2,True,1e-05,128,25,25,0.5797032117843628,0.09516683965921402
92,32,0.3,2,True,0.0001,64,25,25,0.32091283798217773,0.13149394094944
93,32,0.3,2,True,0.0001,128,25,25,0.31431829929351807,0.12602141499519348
94,32,0.3,2,True,0.001,64,25,25,0.34244105219841003,0.15077222883701324
95,32,0.3,2,True,0.001,128,25,25,0.32404688000679016,0.1388126164674759
96,32,0.3,3,False,1e-05,64,25,25,0.6744962930679321,0.10063222795724869
97,32,0.3,3,False,1e-05,128,25,25,0.6408224105834961,0.08540818095207214
98,32,0.3,3,False,0.0001,64,25,25,0.4486050307750702,0.2272329330444336
99,32,0.3,3,False,0.0001,128,25,25,0.4267149269580841,0.20507784187793732
100,32,0.3,3,False,0.001,64,25,25,0.36389267444610596,0.16060960292816162
101,32,0.3,3,False,0.001,128,25,25,0.432374507188797,0.21601217985153198
102,32,0.3,3,True,1e-05,64,25,25,0.785104513168335,0.10140427947044373
103,32,0.3,3,True,1e-05,128,25,25,0.7635876536369324,0.08653731644153595
104,32,0.3,3,True,0.0001,64,25,25,0.2522481083869934,0.09724397957324982
105,32,0.3,3,True,0.0001,128,25,25,0.25322702527046204,0.09653279185295105
106,32,0.3,3,True,0.001,64,25,25,0.29452064633369446,0.12298008799552917
107,32,0.3,3,True,0.001,128,25,25,0.2860364317893982,0.11686599999666214
108,64,0.1,1,False,1e-05,64,25,25,0.4297732412815094,0.1940755993127823
109,64,0.1,1,False,1e-05,128,25,25,0.36070090532302856,0.1453866809606552
110,64,0.1,1,False,0.0001,64,25,25,0.5198397040367126,0.29886794090270996
111,64,0.1,1,False,0.0001,128,25,25,0.5683162212371826,0.35887375473976135
112,64,0.1,1,False,0.001,64,25,25,0.40877825021743774,0.19016484916210175
113,64,0.1,1,False,0.001,128,25,25,0.4283069670200348,0.2039107233285904
114,64,0.1,1,True,1e-05,64,25,25,0.3428371250629425,0.15940070152282715
115,64,0.1,1,True,1e-05,128,25,25,0.33217567205429077,0.16513608396053314
116,64,0.1,1,True,0.0001,64,25,25,0.2803882956504822,0.13304369151592255
117,64,0.1,1,True,0.0001,128,25,25,0.29010871052742004,0.14024688303470612
118,64,0.1,1,True,0.001,64,25,25,0.5485084652900696,0.34464937448501587
119,64,0.1,1,True,0.001,128,25,25,0.35011181235313416,0.1538245677947998
120,64,0.1,2,False,1e-05,64,25,25,0.6096131801605225,0.14015305042266846
121,64,0.1,2,False,1e-05,128,25,25,0.5372079610824585,0.1093054786324501
122,64,0.1,2,False,0.0001,64,25,25,0.5180679559707642,0.3144582509994507
123,64,0.1,2,False,0.0001,128,25,25,0.6070886850357056,0.442421555519104
124,64,0.1,2,False,0.001,64,25,25,0.39166349172592163,0.1872006505727768
125,64,0.1,2,False,0.001,128,25,25,0.3821139633655548,0.17942310869693756
126,64,0.1,2,True,1e-05,64,25,25,0.7257312536239624,0.14998680353164673
127,64,0.1,2,True,1e-05,128,25,25,0.6871138215065002,0.12841618061065674
128,64,0.1,2,True,0.0001,64,25,25,0.22942379117012024,0.0911039486527443
129,64,0.1,2,True,0.0001,128,25,25,0.2840769290924072,0.11259724944829941
130,64,0.1,2,True,0.001,64,25,25,0.31705886125564575,0.13502219319343567
131,64,0.1,2,True,0.001,128,25,25,0.3299270272254944,0.14436613023281097
132,64,0.1,3,False,1e-05,64,25,25,0.8089014887809753,0.1296166330575943
133,64,0.1,3,False,1e-05,128,25,25,0.804593563079834,0.13156752288341522
134,64,0.1,3,False,0.0001,64,25,25,0.5555862784385681,0.36568936705589294
135,64,0.1,3,False,0.0001,128,25,25,0.5105668306350708,0.30214810371398926
136,64,0.1,3,False,0.001,64,25,25,0.44928956031799316,0.23314090073108673
137,64,0.1,3,False,0.001,128,25,25,0.46948087215423584,0.2511821985244751
138,64,0.1,3,True,1e-05,64,25,25,0.8414270281791687,0.09914663434028625
139,64,0.1,3,True,1e-05,128,25,25,0.8482211828231812,0.11026264727115631
140,64,0.1,3,True,0.0001,64,25,25,0.21048277616500854,0.08032086491584778
141,64,0.1,3,True,0.0001,128,25,25,0.2118498831987381,0.08081644028425217
142,64,0.1,3,True,0.001,64,25,25,0.32311275601387024,0.14096413552761078
143,64,0.1,3,True,0.001,128,25,25,0.31683844327926636,0.13710245490074158
144,64,0.2,1,False,1e-05,64,25,25,0.34599769115448,0.14539465308189392
145,64,0.2,1,False,1e-05,128,25,25,0.30411767959594727,0.13073471188545227
146,64,0.2,1,False,0.0001,64,25,25,0.5541375875473022,0.3483469486236572
147,64,0.2,1,False,0.0001,128,25,25,0.5366986393928528,0.32789257168769836
148,64,0.2,1,False,0.001,64,25,25,0.4998263716697693,0.2719753086566925
149,64,0.2,1,False,0.001,128,25,25,0.44177666306495667,0.21575666964054108
150,64,0.2,1,True,1e-05,64,25,25,0.24449053406715393,0.0753955990076065
151,64,0.2,1,True,1e-05,128,25,25,0.28342172503471375,0.1063973605632782
152,64,0.2,1,True,0.0001,64,25,25,0.38373079895973206,0.19540691375732422
153,64,0.2,1,True,0.0001,128,25,25,0.4353545308113098,0.2267731875181198
154,64,0.2,1,True,0.001,64,25,25,0.3880872130393982,0.1794799417257309
155,64,0.2,1,True,0.001,128,25,25,0.3536841869354248,0.15899421274662018
156,64,0.2,2,False,1e-05,64,25,25,0.5567029118537903,0.12734457850456238
157,64,0.2,2,False,1e-05,128,25,25,0.6007261872291565,0.13560685515403748
158,64,0.2,2,False,0.0001,64,25,25,0.595844030380249,0.4310833811759949
159,64,0.2,2,False,0.0001,128,25,25,0.5380986928939819,0.3416876792907715
160,64,0.2,2,False,0.001,64,25,25,0.41296258568763733,0.20132698118686676
161,64,0.2,2,False,0.001,128,25,25,0.410248339176178,0.19913822412490845
162,64,0.2,2,True,1e-05,64,25,25,0.6492277979850769,0.11344092339277267
163,64,0.2,2,True,1e-05,128,25,25,0.6777063608169556,0.12513330578804016
164,64,0.2,2,True,0.0001,64,25,25,0.25338900089263916,0.09664741903543472
165,64,0.2,2,True,0.0001,128,25,25,0.2973971664905548,0.11676088720560074
166,64,0.2,2,True,0.001,64,25,25,0.33546772599220276,0.1485002040863037
167,64,0.2,2,True,0.001,128,25,25,0.32778260111808777,0.14282527565956116
168,64,0.2,3,False,1e-05,64,25,25,0.767410159111023,0.1093217059969902
169,64,0.2,3,False,1e-05,128,25,25,0.7640711665153503,0.11050255596637726
170,64,0.2,3,False,0.0001,64,25,25,0.5863276124000549,0.4119695723056793
171,64,0.2,3,False,0.0001,128,25,25,0.496938019990921,0.2847834527492523
172,64,0.2,3,False,0.001,64,25,25,0.47793126106262207,0.2584810256958008
173,64,0.2,3,False,0.001,128,25,25,0.45666781067848206,0.2405371367931366
174,64,0.2,3,True,1e-05,64,25,25,0.8347278237342834,0.0977352038025856
175,64,0.2,3,True,1e-05,128,25,25,0.8656289577484131,0.10650892555713654
176,64,0.2,3,True,0.0001,64,25,25,0.20790845155715942,0.07665257155895233
177,64,0.2,3,True,0.0001,128,25,25,0.21647097170352936,0.07831527292728424
178,64,0.2,3,True,0.001,64,25,25,0.32270804047584534,0.14079006016254425
179,64,0.2,3,True,0.001,128,25,25,0.31051895022392273,0.13327720761299133
180,64,0.3,1,False,1e-05,64,25,25,0.37687090039253235,0.15219660103321075
181,64,0.3,1,False,1e-05,128,25,25,0.3841647207736969,0.16142882406711578
182,64,0.3,1,False,0.0001,64,25,25,0.5370897650718689,0.33391547203063965
183,64,0.3,1,False,0.0001,128,25,25,0.5416625142097473,0.34272778034210205
184,64,0.3,1,False,0.001,64,25,25,0.6270027160644531,0.4325923025608063
185,64,0.3,1,False,0.001,128,25,25,0.6171821355819702,0.4210921823978424
186,64,0.3,1,True,1e-05,64,25,25,0.32659924030303955,0.11570340394973755
187,64,0.3,1,True,1e-05,128,25,25,0.26058730483055115,0.08996845036745071
188,64,0.3,1,True,0.0001,64,25,25,0.5113876461982727,0.30548912286758423
189,64,0.3,1,True,0.0001,128,25,25,0.5026973485946655,0.2929365634918213
190,64,0.3,1,True,0.001,64,25,25,0.4197293817996979,0.20313547551631927
191,64,0.3,1,True,0.001,128,25,25,0.48285505175590515,0.26362481713294983
192,64,0.3,2,False,1e-05,64,25,25,0.518227756023407,0.09576574712991714
193,64,0.3,2,False,1e-05,128,25,25,0.5931366086006165,0.13144278526306152
194,64,0.3,2,False,0.0001,64,25,25,0.5846535563468933,0.3971613943576813
195,64,0.3,2,False,0.0001,128,25,25,0.5717610120773315,0.3808429539203644
196,64,0.3,2,False,0.001,64,25,25,0.4147508144378662,0.20270724594593048
197,64,0.3,2,False,0.001,128,25,25,0.4330320954322815,0.22128146886825562
198,64,0.3,2,True,1e-05,64,25,25,0.6407759785652161,0.10449538379907608
199,64,0.3,2,True,1e-05,128,25,25,0.6496186852455139,0.1047021672129631
200,64,0.3,2,True,0.0001,64,25,25,0.34823572635650635,0.1467188149690628
201,64,0.3,2,True,0.0001,128,25,25,0.33586385846138,0.13746649026870728
202,64,0.3,2,True,0.001,64,25,25,0.30983853340148926,0.131023108959198
203,64,0.3,2,True,0.001,128,25,25,0.32456642389297485,0.1407213658094406
204,64,0.3,3,False,1e-05,64,25,25,0.7910594344139099,0.12874573469161987
205,64,0.3,3,False,1e-05,128,25,25,0.7811063528060913,0.12186397612094879
206,64,0.3,3,False,0.0001,64,25,25,0.564048171043396,0.3658304214477539
207,64,0.3,3,False,0.0001,128,25,25,0.556410014629364,0.3575032949447632
208,64,0.3,3,False,0.001,64,25,25,0.41975006461143494,0.20566661655902863
209,64,0.3,3,False,0.001,128,25,25,0.4585808217525482,0.24197602272033691
210,64,0.3,3,True,1e-05,64,25,25,0.8616105318069458,0.10796661674976349
211,64,0.3,3,True,1e-05,128,25,25,0.8316308259963989,0.09991229325532913
212,64,0.3,3,True,0.0001,64,25,25,0.25516045093536377,0.09645663946866989
213,64,0.3,3,True,0.0001,128,25,25,0.21491099894046783,0.08184250444173813
214,64,0.3,3,True,0.001,64,25,25,0.3040972352027893,0.1284421980381012
215,64,0.3,3,True,0.001,128,25,25,0.3147348165512085,0.1361161172389984
216,128,0.1,1,False,1e-05,64,25,25,0.4593472182750702,0.24363692104816437
217,128,0.1,1,False,1e-05,128,25,25,0.42644113302230835,0.23194457590579987
218,128,0.1,1,False,0.0001,64,25,25,0.5758076310157776,0.3662223815917969
219,128,0.1,1,False,0.0001,128,25,25,0.5790896415710449,0.3709505796432495
220,128,0.1,1,False,0.001,64,25,25,0.40449678897857666,0.18637333810329437
221,128,0.1,1,False,0.001,128,25,25,0.3791118562221527,0.1643870621919632
222,128,0.1,1,True,1e-05,64,25,25,0.34011515974998474,0.1946445107460022
223,128,0.1,1,True,1e-05,128,25,25,0.3318798542022705,0.19325105845928192
224,128,0.1,1,True,0.0001,64,25,25,0.3759538531303406,0.174605131149292
225,128,0.1,1,True,0.0001,128,25,25,0.42572537064552307,0.21192793548107147
226,128,0.1,1,True,0.001,64,25,25,0.3955495357513428,0.18530452251434326
227,128,0.1,1,True,0.001,128,25,25,0.41099464893341064,0.19466820359230042
228,128,0.1,2,False,1e-05,64,25,25,0.5938257575035095,0.15054631233215332
229,128,0.1,2,False,1e-05,128,25,25,0.6594482660293579,0.19065402448177338
230,128,0.1,2,False,0.0001,64,25,25,0.610967218875885,0.44137540459632874
231,128,0.1,2,False,0.0001,128,25,25,0.6202411651611328,0.45462682843208313
232,128,0.1,2,False,0.001,64,25,25,0.4306379556655884,0.2180376648902893
233,128,0.1,2,False,0.001,128,25,25,0.4199748933315277,0.20896993577480316
234,128,0.1,2,True,1e-05,64,25,25,0.6433039903640747,0.13209132850170135
235,128,0.1,2,True,1e-05,128,25,25,0.6884309649467468,0.14566382765769958
236,128,0.1,2,True,0.0001,64,25,25,0.3054675757884979,0.12341821938753128
237,128,0.1,2,True,0.0001,128,25,25,0.31656768918037415,0.12736737728118896
238,128,0.1,2,True,0.001,64,25,25,0.3064285218715668,0.13115371763706207
239,128,0.1,2,True,0.001,128,25,25,0.3182045519351959,0.1372639387845993
240,128,0.1,3,False,1e-05,64,25,25,0.769910454750061,0.1474785953760147
241,128,0.1,3,False,1e-05,128,25,25,0.7583043575286865,0.1303957849740982
242,128,0.1,3,False,0.0001,64,25,25,0.5646840333938599,0.3693663775920868
243,128,0.1,3,False,0.0001,128,25,25,0.5380099415779114,0.3356350362300873
244,128,0.1,3,False,0.001,64,25,25,0.47940707206726074,0.2609363794326782
245,128,0.1,3,False,0.001,128,25,25,0.49661314487457275,0.2806781232357025
246,128,0.1,3,True,1e-05,64,25,25,0.771233320236206,0.09765918552875519
247,128,0.1,3,True,1e-05,128,25,25,0.7795295715332031,0.10750726610422134
248,128,0.1,3,True,0.0001,64,25,25,0.28710395097732544,0.11237190663814545
249,128,0.1,3,True,0.0001,128,25,25,0.22149933874607086,0.08603933453559875
250,128,0.1,3,True,0.001,64,25,25,0.3194194734096527,0.13866934180259705
251,128,0.1,3,True,0.001,128,25,25,0.33095040917396545,0.14623726904392242
252,128,0.2,1,False,1e-05,64,25,25,0.400205135345459,0.1854214072227478
253,128,0.2,1,False,1e-05,128,25,25,0.44259166717529297,0.22158639132976532
254,128,0.2,1,False,0.0001,64,25,25,0.5658894777297974,0.3696049749851227
255,128,0.2,1,False,0.0001,128,25,25,0.5710405707359314,0.3785979747772217
256,128,0.2,1,False,0.001,64,25,25,0.42649638652801514,0.20596253871917725
257,128,0.2,1,False,0.001,128,25,25,0.4168291687965393,0.20286816358566284
258,128,0.2,1,True,1e-05,64,25,25,0.31043741106987,0.15341295301914215
259,128,0.2,1,True,1e-05,128,25,25,0.331323504447937,0.18396109342575073
260,128,0.2,1,True,0.0001,64,25,25,0.5029439926147461,0.29533806443214417
261,128,0.2,1,True,0.0001,128,25,25,0.5033600330352783,0.2957645356655121
262,128,0.2,1,True,0.001,64,25,25,0.4367387592792511,0.21484525501728058
263,128,0.2,1,True,0.001,128,25,25,0.38679903745651245,0.17796581983566284
264,128,0.2,2,False,1e-05,64,25,25,0.582630455493927,0.1431899517774582
265,128,0.2,2,False,1e-05,128,25,25,0.6376888751983643,0.1813315451145172
266,128,0.2,2,False,0.0001,64,25,25,0.6308321356773376,0.4870138466358185
267,128,0.2,2,False,0.0001,128,25,25,0.6076908707618713,0.4492056965827942
268,128,0.2,2,False,0.001,64,25,25,0.5067333579063416,0.2948189973831177
269,128,0.2,2,False,0.001,128,25,25,0.509200930595398,0.29810571670532227
270,128,0.2,2,True,1e-05,64,25,25,0.6584928631782532,0.14327049255371094
271,128,0.2,2,True,1e-05,128,25,25,0.6156610250473022,0.12507140636444092
272,128,0.2,2,True,0.0001,64,25,25,0.36093881726264954,0.1554420292377472
273,128,0.2,2,True,0.0001,128,25,25,0.36790162324905396,0.16029927134513855
274,128,0.2,2,True,0.001,64,25,25,0.31765851378440857,0.1377556324005127
275,128,0.2,2,True,0.001,128,25,25,0.31411319971084595,0.1350739449262619
276,128,0.2,3,False,1e-05,64,25,25,0.7840759754180908,0.17049255967140198
277,128,0.2,3,False,1e-05,128,25,25,0.7629095911979675,0.15499502420425415
278,128,0.2,3,False,0.0001,64,25,25,0.5823422074317932,0.4026602804660797
279,128,0.2,3,False,0.0001,128,25,25,0.5519229769706726,0.35903629660606384
280,128,0.2,3,False,0.001,64,25,25,0.4468235671520233,0.23189306259155273
281,128,0.2,3,False,0.001,128,25,25,0.42860084772109985,0.21406157314777374
282,128,0.2,3,True,1e-05,64,25,25,0.7576306462287903,0.10876729339361191
283,128,0.2,3,True,1e-05,128,25,25,0.7409202456474304,0.10232725739479065
284,128,0.2,3,True,0.0001,64,25,25,0.26028013229370117,0.09962359815835953
285,128,0.2,3,True,0.0001,128,25,25,0.24988293647766113,0.09528063237667084
286,128,0.2,3,True,0.001,64,25,25,0.31933802366256714,0.13848944008350372
287,128,0.2,3,True,0.001,128,25,25,0.3286546468734741,0.14515288174152374
288,128,0.3,1,False,1e-05,64,25,25,0.3672853112220764,0.1760883778333664
289,128,0.3,1,False,1e-05,128,25,25,0.40378278493881226,0.20306916534900665
290,128,0.3,1,False,0.0001,64,25,25,0.5618736743927002,0.3737824261188507
291,128,0.3,1,False,0.0001,128,25,25,0.5559720396995544,0.3652286231517792
292,128,0.3,1,False,0.001,64,25,25,0.455146849155426,0.2295362800359726
293,128,0.3,1,False,0.001,128,25,25,0.3795605003833771,0.168212428689003
294,128,0.3,1,True,1e-05,64,25,25,0.29854774475097656,0.14921529591083527
295,128,0.3,1,True,1e-05,128,25,25,0.30975884199142456,0.14063838124275208
296,128,0.3,1,True,0.0001,64,25,25,0.5311636924743652,0.336891770362854
297,128,0.3,1,True,0.0001,128,25,25,0.460956871509552,0.2533024549484253
298,128,0.3,1,True,0.001,64,25,25,0.4317183792591095,0.20963802933692932
299,128,0.3,1,True,0.001,128,25,25,0.3927913308143616,0.1813969910144806
300,128,0.3,2,False,1e-05,64,25,25,0.5929390788078308,0.14626798033714294
301,128,0.3,2,False,1e-05,128,25,25,0.5861824750900269,0.15220646560192108
302,128,0.3,2,False,0.0001,64,25,25,0.6747840642929077,0.5621312260627747
303,128,0.3,2,False,0.0001,128,25,25,0.6793280243873596,0.5742875337600708
304,128,0.3,2,False,0.001,64,25,25,0.5001206398010254,0.2871237099170685
305,128,0.3,2,False,0.001,128,25,25,0.49651288986206055,0.28433528542518616
306,128,0.3,2,True,1e-05,64,25,25,0.6598138809204102,0.1425790935754776
307,128,0.3,2,True,1e-05,128,25,25,0.6273940205574036,0.12885361909866333
308,128,0.3,2,True,0.0001,64,25,25,0.3486798405647278,0.14581546187400818
309,128,0.3,2,True,0.0001,128,25,25,0.370248407125473,0.1625097543001175
310,128,0.3,2,True,0.001,64,25,25,0.313925176858902,0.1336718052625656
311,128,0.3,2,True,0.001,128,25,25,0.30404388904571533,0.12846249341964722
312,128,0.3,3,False,1e-05,64,25,25,0.7858747243881226,0.17521712183952332
313,128,0.3,3,False,1e-05,128,25,25,0.782357394695282,0.1808255910873413
314,128,0.3,3,False,0.0001,64,25,25,0.610052764415741,0.4468246102333069
315,128,0.3,3,False,0.0001,128,25,25,0.5838026404380798,0.4040014445781708
316,128,0.3,3,False,0.001,64,25,25,0.39250418543815613,0.1855318397283554
317,128,0.3,3,False,0.001,128,25,25,0.4685741066932678,0.24990490078926086
318,128,0.3,3,True,1e-05,64,25,25,0.7456746101379395,0.10369809716939926
319,128,0.3,3,True,1e-05,128,25,25,0.7405775785446167,0.10645262897014618
320,128,0.3,3,True,0.0001,64,25,25,0.24976977705955505,0.09292147308588028
321,128,0.3,3,True,0.0001,128,25,25,0.26637014746665955,0.10090464353561401
322,128,0.3,3,True,0.001,64,25,25,0.3146616816520691,0.13600853085517883
323,128,0.3,3,True,0.001,128,25,25,0.31998375058174133,0.13948698341846466
