数据点索引,预测SOC,真实SOC
0,0.7887306,0.805463
1,0.7882591,0.8051624
2,0.7877785,0.80486166
3,0.7873995,0.8045611
4,0.78693134,0.8042604
5,0.78652835,0.8039597
6,0.78612846,0.803659
7,0.785771,0.8033582
8,0.7851986,0.8030574
9,0.78488916,0.80275667
10,0.78457683,0.8024557
11,0.7843357,0.802155
12,0.7840224,0.8018542
13,0.783731,0.8015532
14,0.78334886,0.8012523
15,0.782963,0.8009511
16,0.78263,0.80065
17,0.782244,0.8003489
18,0.78172004,0.8000477
19,0.78134626,0.7997464
20,0.78097045,0.7994451
21,0.7808202,0.79914385
22,0.7806664,0.7988425
23,0.7805269,0.79854107
24,0.7803742,0.79823965
25,0.7801668,0.7979382
26,0.7800029,0.7976367
27,0.7798337,0.7973352
28,0.7795618,0.7970337
29,0.77934617,0.7967323
30,0.7791612,0.79643077
31,0.77898914,0.7961293
32,0.77892274,0.7958277
33,0.778809,0.795526
34,0.77882165,0.79522455
35,0.7786961,0.79492295
36,0.7785061,0.79462135
37,0.77862895,0.79431975
38,0.77857494,0.7940182
39,0.7785688,0.7937165
40,0.77852935,0.79341495
41,0.7784964,0.7931134
42,0.7784354,0.7928118
43,0.77836347,0.7925103
44,0.7782884,0.7922086
45,0.7782255,0.791907
46,0.7780723,0.79160535
47,0.7778381,0.79130363
48,0.77772003,0.7910019
49,0.777571,0.7907002
50,0.7774014,0.7903985
51,0.7772856,0.7900967
52,0.77706736,0.7897949
53,0.7769352,0.78949314
54,0.7767314,0.7891913
55,0.77658767,0.7888894
56,0.77658045,0.78858757
57,0.77636826,0.7882856
58,0.77631694,0.7879838
59,0.77611464,0.78768194
60,0.77602243,0.7873799
61,0.77589256,0.78707796
62,0.7757609,0.78677607
63,0.77567995,0.78647405
64,0.7755893,0.7861721
65,0.77539974,0.7858701
66,0.775251,0.78556806
67,0.7750488,0.78526586
68,0.7749858,0.7849637
69,0.77490467,0.78466165
70,0.77473015,0.78435963
71,0.7745383,0.7840575
72,0.7744263,0.78375524
73,0.7742385,0.78345305
74,0.77400166,0.7831509
75,0.773743,0.78284866
76,0.77355987,0.7825464
77,0.77338284,0.782244
78,0.7732812,0.7819418
79,0.7731295,0.78163934
80,0.7730468,0.781337
81,0.7729794,0.78103477
82,0.7729771,0.7807324
83,0.77286655,0.78043
84,0.7728016,0.7801277
85,0.77269757,0.7798253
86,0.7725008,0.77952296
87,0.772278,0.77922064
88,0.77194655,0.77891815
89,0.77172345,0.77861565
90,0.7714378,0.7783131
91,0.77114916,0.7780104
92,0.7710133,0.77770776
93,0.7708885,0.7774052
94,0.77081317,0.77710253
95,0.7706146,0.7767999
96,0.77046055,0.77649736
97,0.7703428,0.7761947
98,0.77023673,0.77589184
99,0.76992595,0.77558905
100,0.7695329,0.7752863
101,0.76929045,0.7749836
102,0.76910317,0.77468073
103,0.7688961,0.7743778
104,0.7687249,0.774075
105,0.7683561,0.773772
106,0.7680425,0.77346903
107,0.7678391,0.7731662
108,0.76758784,0.77286315
109,0.76743174,0.77256006
110,0.76709443,0.7722569
111,0.7668698,0.7719539
112,0.7665954,0.7716507
113,0.7664086,0.7713474
114,0.7661644,0.77104425
115,0.766047,0.77074105
116,0.7656986,0.7704378
117,0.76555836,0.7701346
118,0.76532096,0.7698314
119,0.76511264,0.7695281
120,0.7646829,0.76922476
121,0.7643143,0.7689213
122,0.7637571,0.7686179
123,0.7634787,0.7683144
124,0.7631798,0.76801103
125,0.7629435,0.76770747
126,0.7626609,0.76740396
127,0.7624614,0.7671003
128,0.76227057,0.7667966
129,0.7620661,0.76649296
130,0.7618313,0.7661892
131,0.7615466,0.76588553
132,0.76126736,0.7655817
133,0.760908,0.7652779
134,0.76053977,0.7649741
135,0.76006734,0.76467013
136,0.7594784,0.7643662
137,0.7592047,0.76406235
138,0.7587795,0.76375836
139,0.7583911,0.7634544
140,0.7582231,0.7631503
141,0.7578998,0.7628463
142,0.75772905,0.7625422
143,0.75743246,0.76223797
144,0.75720775,0.7619338
145,0.7568117,0.7616297
146,0.7567518,0.7613255
147,0.7564433,0.76102126
148,0.7560481,0.760717
149,0.7558787,0.7604127
150,0.7557415,0.76010835
151,0.75546527,0.75980407
152,0.7552248,0.7594997
153,0.754947,0.75919527
154,0.7546399,0.7588909
155,0.7543777,0.7585865
156,0.7543143,0.758282
157,0.75393367,0.7579775
158,0.7538529,0.757673
159,0.75361544,0.7573685
160,0.7531861,0.757064
161,0.7528782,0.7567593
162,0.75251687,0.75645465
163,0.7522248,0.7561499
164,0.7517128,0.75584525
165,0.751485,0.7555405
166,0.751078,0.75523555
167,0.7507326,0.7549306
168,0.7504611,0.7546258
169,0.75027597,0.75432086
170,0.74996436,0.754016
171,0.749876,0.75371104
172,0.7496432,0.7534061
173,0.74944746,0.75310105
174,0.74924994,0.752796
175,0.7487965,0.75249094
176,0.7486516,0.7521859
177,0.7482921,0.7518807
178,0.747882,0.7515756
179,0.747701,0.7512704
180,0.74737704,0.7509653
181,0.74695104,0.75066
182,0.7468234,0.75035477
183,0.7466315,0.7500495
184,0.74645746,0.7497442
185,0.74613345,0.7494388
186,0.74600625,0.7491336
187,0.7455994,0.7488281
188,0.74543124,0.7485228
189,0.74528307,0.7482174
190,0.745042,0.747912
191,0.74477434,0.7476066
192,0.7446327,0.747301
193,0.74437016,0.74699545
194,0.7441653,0.74669
195,0.74370575,0.74638444
196,0.7435578,0.7460788
197,0.74304676,0.74577326
198,0.7427134,0.7454675
199,0.7424581,0.7451617
200,0.7420967,0.7448559
201,0.7418966,0.74455005
202,0.7416687,0.74424434
203,0.7414688,0.7439384
204,0.74143875,0.7436327
205,0.7411284,0.74332684
206,0.7410408,0.7430209
207,0.7408988,0.74271506
208,0.74063957,0.74240905
209,0.7404424,0.7421032
210,0.74036,0.7417973
211,0.7400427,0.7414915
212,0.7397964,0.7411855
213,0.7396091,0.7408795
214,0.73928636,0.74057347
215,0.73917353,0.7402673
216,0.7389325,0.7399613
217,0.7387372,0.7396552
218,0.73864776,0.73934907
219,0.7383571,0.7390429
220,0.738381,0.73873675
221,0.73809916,0.7384305
222,0.73807454,0.7381243
223,0.73774326,0.7378181
224,0.73762727,0.7375119
225,0.7372799,0.73720556
226,0.7372202,0.7368994
227,0.7368922,0.736593
228,0.73669493,0.73628664
229,0.73637,0.73598033
230,0.7361247,0.735674
231,0.73596287,0.73536766
232,0.73571986,0.7350613
233,0.73561275,0.7347549
234,0.7351936,0.73444843
235,0.73499465,0.734142
236,0.7345598,0.73383546
237,0.73434615,0.73352885
238,0.73397756,0.7332223
239,0.7338656,0.73291576
240,0.7334788,0.7326091
241,0.7332872,0.7323024
242,0.7330378,0.73199576
243,0.73270625,0.731689
244,0.7324829,0.7313822
245,0.73223543,0.73107547
246,0.7320634,0.7307687
247,0.73176813,0.73046184
248,0.7313657,0.73015493
249,0.7311959,0.72984815
250,0.7310598,0.72954124
251,0.7309104,0.7292343
252,0.730467,0.7289274
253,0.730088,0.72862047
254,0.72991145,0.7283134
255,0.72965175,0.7280064
256,0.7291858,0.72769934
257,0.7288468,0.72739226
258,0.72862464,0.7270852
259,0.7284276,0.72677803
260,0.7281666,0.7264709
261,0.7278491,0.7261637
262,0.7275717,0.7258565
263,0.72732794,0.72554916
264,0.7272361,0.72524196
265,0.7270592,0.7249347
266,0.7267851,0.7246274
267,0.72661626,0.7243201
268,0.72639567,0.72401273
269,0.7263854,0.7237053
270,0.72602314,0.723398
271,0.72581095,0.7230905
272,0.7252979,0.722783
273,0.7249777,0.7224756
274,0.7246965,0.722168
275,0.724489,0.7218605
276,0.72430027,0.72155297
277,0.7241552,0.7212454
278,0.72391367,0.72093785
279,0.7236105,0.7206302
280,0.72353673,0.7203226
281,0.72335184,0.7200148
282,0.72305185,0.7197072
283,0.7225692,0.7193995
284,0.72227657,0.7190917
285,0.7219418,0.718784
286,0.7216933,0.71847624
287,0.72141373,0.7181683
288,0.7212351,0.7178605
289,0.72098374,0.71755266
290,0.72071564,0.7172448
291,0.7202801,0.71693677
292,0.71984214,0.7166289
293,0.71978426,0.7163209
294,0.71946967,0.7160129
295,0.71932817,0.7157049
296,0.7188976,0.7153968
297,0.7187598,0.7150887
298,0.7184371,0.7147807
299,0.7183969,0.7144724
300,0.71814775,0.7141642
301,0.71780825,0.7138561
302,0.71763176,0.71354795
303,0.7171277,0.7132398
304,0.71673703,0.71293145
305,0.7166019,0.7126232
306,0.7161086,0.7123149
307,0.71596813,0.71200645
308,0.7156495,0.71169806
309,0.7154214,0.71138966
310,0.7150785,0.7110812
311,0.7149503,0.71077293
312,0.71471894,0.71046454
313,0.71413624,0.710156
314,0.7138991,0.70984745
315,0.71366173,0.70953894
316,0.71333957,0.70923036
317,0.7132286,0.7089218
318,0.7129955,0.70861316
319,0.71267796,0.7083044
320,0.71231675,0.7079957
321,0.71203023,0.7076871
322,0.711876,0.7073784
323,0.71150434,0.7070697
324,0.71135545,0.70676094
325,0.7112017,0.7064521
326,0.71108395,0.70614326
327,0.7107087,0.70583445
328,0.7105361,0.7055256
329,0.71041465,0.7052167
330,0.7099385,0.7049078
331,0.7098349,0.7045989
332,0.70938957,0.70429
333,0.70889765,0.70398104
334,0.70894814,0.703672
335,0.7083914,0.70336306
336,0.708232,0.70305395
337,0.708092,0.70274484
338,0.7075915,0.70243585
339,0.7073134,0.70212674
340,0.7069923,0.7018176
341,0.7065757,0.70150834
342,0.7063962,0.701199
343,0.70616144,0.70088965
344,0.70580167,0.7005803
345,0.70560527,0.70027095
346,0.7052157,0.6999617
347,0.70507,0.6996524
348,0.7049446,0.6993429
349,0.70463824,0.69903356
350,0.7042998,0.6987241
351,0.70387936,0.69841456
352,0.7034486,0.6981051
353,0.70322025,0.6977956
354,0.70291257,0.6974861
355,0.7023856,0.6971765
356,0.7021366,0.6968669
357,0.7016852,0.69655734
358,0.7015331,0.6962477
359,0.7012975,0.695938
360,0.70102835,0.69562835
361,0.70099175,0.6953186
362,0.70056564,0.6950088
363,0.70048106,0.694699
364,0.70014954,0.69438916
365,0.6998916,0.6940793
366,0.69947815,0.6937695
367,0.69937956,0.69345963
368,0.69902104,0.69314986
369,0.6989075,0.69284004
370,0.6984643,0.69253004
371,0.69806314,0.69222015
372,0.6979519,0.69191015
373,0.6975812,0.6916001
374,0.6972747,0.69129014
375,0.69697285,0.69098
376,0.6966832,0.6906699
377,0.69622076,0.69035965
378,0.69606405,0.6900494
379,0.69561243,0.68973905
380,0.6954929,0.6894289
381,0.6950651,0.6891186
382,0.69491935,0.6888083
383,0.694688,0.68849814
384,0.6944817,0.6881878
385,0.69407266,0.68787754
386,0.6937002,0.6875672
387,0.6932788,0.6872568
388,0.69314027,0.6869464
389,0.6925791,0.68663603
390,0.6924191,0.68632543
391,0.69229317,0.68601507
392,0.69216204,0.6857045
393,0.6919391,0.685394
394,0.6918472,0.6850835
395,0.6913707,0.68477297
396,0.6912086,0.68446237
397,0.69084895,0.6841517
398,0.6906494,0.683841
399,0.69022423,0.68353045
400,0.68986994,0.68321973
401,0.6894431,0.68290895
402,0.68926466,0.6825982
403,0.6890705,0.6822874
404,0.688686,0.6819766
405,0.68845165,0.68166584
406,0.6878708,0.681355
407,0.68748075,0.6810441
408,0.68719363,0.68073314
409,0.686833,0.6804222
410,0.6865162,0.6801112
411,0.6859019,0.6798001
412,0.6856953,0.67948896
413,0.6852881,0.6791778
414,0.68506724,0.6788667
415,0.68474674,0.67855555
416,0.68457496,0.67824435
417,0.6842668,0.6779332
418,0.6840658,0.6776221
419,0.6837481,0.67731094
420,0.6834533,0.67699957
421,0.68330324,0.67668825
422,0.68300986,0.67637706
423,0.6827805,0.6760656
424,0.6824579,0.6757543
425,0.6822262,0.67544293
426,0.6819854,0.67513156
427,0.6816577,0.6748203
428,0.6815521,0.67450887
429,0.6811807,0.6741974
430,0.6808373,0.67388606
431,0.680485,0.6735745
432,0.680242,0.67326295
433,0.67979753,0.6729514
434,0.6795999,0.6726398
435,0.6791475,0.6723282
436,0.67868674,0.67201644
437,0.6783348,0.6717048
438,0.6780922,0.67139316
439,0.67781675,0.67108136
440,0.6776488,0.6707697
441,0.6771575,0.6704579
442,0.67689705,0.670146
443,0.67636764,0.66983426
444,0.67600095,0.66952235
445,0.67557555,0.6692104
446,0.6752207,0.66889834
447,0.67484415,0.6685863
448,0.67456716,0.6682743
449,0.6741285,0.6679622
450,0.6739989,0.6676502
451,0.6737685,0.66733813
452,0.6733719,0.66702604
453,0.673376,0.6667139
454,0.67318916,0.6664018
455,0.67295873,0.6660897
456,0.6727214,0.66577756
457,0.6725255,0.66546535
458,0.6721835,0.66515315
459,0.6719631,0.66484106
460,0.67168903,0.6645287
461,0.6713209,0.6642165
462,0.67092067,0.6639042
463,0.6705301,0.66359186
464,0.67031854,0.6632794
465,0.66972244,0.66296697
466,0.66960776,0.6626547
467,0.6691023,0.6623423
468,0.6689828,0.66202974
469,0.6687085,0.66171736
470,0.6686253,0.6614048
471,0.6681901,0.6610923
472,0.6679704,0.6607797
473,0.6675499,0.66046715
474,0.6673101,0.6601546
475,0.66668135,0.6598419
476,0.66648865,0.6595292
477,0.6659559,0.65921646
478,0.6655083,0.6589038
479,0.66522676,0.6585909
480,0.66445655,0.6582779
481,0.6640258,0.6579649
482,0.66390795,0.657652
483,0.6634433,0.65733904
484,0.6630214,0.657026
485,0.66274613,0.6567131
486,0.66239256,0.65639997
487,0.6620978,0.6560868
488,0.66188276,0.65577376
489,0.66164595,0.6554608
490,0.6613363,0.6551476
491,0.66095114,0.65483457
492,0.6607289,0.6545212
493,0.6604445,0.65420806
494,0.6603309,0.6538949
495,0.660295,0.6535817
496,0.6598971,0.6532685
497,0.65961754,0.6529552
498,0.65940833,0.652642
499,0.65892786,0.65232867
500,0.65871066,0.6520153
501,0.6583551,0.651702
502,0.658026,0.6513885
503,0.657783,0.6510752
504,0.6574769,0.65076166
505,0.6570287,0.65044814
506,0.656644,0.6501347
507,0.65642715,0.64982104
508,0.65608966,0.6495075
509,0.65580547,0.6491939
510,0.6553718,0.64888036
511,0.6551538,0.6485667
512,0.6548302,0.6482529
513,0.65454006,0.64793926
514,0.6542379,0.6476256
515,0.65405643,0.6473118
516,0.65370345,0.646998
517,0.6535275,0.64668417
518,0.65320534,0.64637023
519,0.6529311,0.6460566
520,0.6523825,0.6457426
521,0.652105,0.64542866
522,0.65172666,0.64511484
523,0.6515316,0.64480084
524,0.651432,0.644487
525,0.65103364,0.6441729
526,0.6510508,0.64385897
527,0.650728,0.6435451
528,0.6504183,0.643231
529,0.6499895,0.64291686
530,0.6498431,0.64260286
531,0.6494287,0.6422889
532,0.6490811,0.64197475
533,0.6486231,0.6416605
534,0.64820796,0.64134634
535,0.6478906,0.6410321
536,0.64756143,0.6407179
537,0.6473083,0.6404036
538,0.646683,0.6400892
539,0.6463038,0.6397749
540,0.64604396,0.6394606
541,0.6456342,0.6391462
542,0.6452762,0.63883173
543,0.64497524,0.6385173
544,0.64437056,0.63820285
545,0.64379114,0.63788825
546,0.64341307,0.63757366
547,0.643132,0.63725907
548,0.6426525,0.6369445
549,0.6423737,0.6366297
550,0.6422742,0.6363151
551,0.6419698,0.63600045
552,0.6417771,0.63568574
553,0.6414152,0.63537097
554,0.64136785,0.6350562
555,0.6409161,0.6347416
556,0.6406212,0.6344267
557,0.64004344,0.63411194
558,0.63965285,0.6337969
559,0.63940036,0.6334819
560,0.63888794,0.63316715
561,0.63858795,0.6328521
562,0.6381105,0.632537
563,0.6377936,0.63222194
564,0.6374959,0.63190675
565,0.63720673,0.6315917
566,0.6371132,0.6312766
567,0.6365877,0.63096136
568,0.63640237,0.6306463
569,0.63584155,0.63033104
570,0.6356898,0.63001585
571,0.6353252,0.6297006
572,0.6350446,0.62938523
573,0.6346204,0.62907
574,0.63427204,0.6287546
575,0.6338536,0.6284392
576,0.63330287,0.6281238
577,0.6331648,0.62780845
578,0.6325214,0.627493
579,0.6320497,0.6271775
580,0.63177514,0.62686193
581,0.63176167,0.6265464
582,0.6313604,0.62623084
583,0.63086915,0.6259153
584,0.63078636,0.62559974
585,0.63030005,0.6252841
586,0.6299736,0.62496835
587,0.6297443,0.6246527
588,0.6293111,0.62433696
589,0.62896264,0.6240211
590,0.6286601,0.62370527
591,0.6284332,0.62338954
592,0.62829673,0.6230737
593,0.6280259,0.6227578
594,0.6279286,0.62244195
595,0.62732124,0.6221261
596,0.6269903,0.6218102
597,0.6267361,0.6214942
598,0.62595665,0.6211782
599,0.62564635,0.6208622
600,0.62500185,0.620546
601,0.6247746,0.62022984
602,0.6245915,0.61991364
603,0.6240248,0.6195975
604,0.62365854,0.6192813
605,0.6235859,0.61896515
606,0.6233277,0.61864895
607,0.6231887,0.6183326
608,0.62285334,0.6180164
609,0.62244517,0.6177001
610,0.6218791,0.6173838
611,0.62171996,0.61706746
612,0.6214117,0.6167511
613,0.62078094,0.61643463
614,0.6204978,0.61611825
615,0.62018675,0.61580163
616,0.6198712,0.61548513
617,0.61960095,0.6151685
618,0.61923426,0.614852
619,0.6188953,0.61453533
620,0.6187643,0.6142187
621,0.61847365,0.6139022
622,0.61813384,0.61358553
623,0.6177194,0.6132689
624,0.6176169,0.61295223
625,0.6171308,0.61263543
626,0.61674184,0.61231875
627,0.61618495,0.61200184
628,0.6156727,0.61168504
629,0.6151749,0.6113682
630,0.61494344,0.61105126
631,0.6141672,0.61073416
632,0.6137223,0.6104173
633,0.6135398,0.6101002
634,0.613305,0.60978323
635,0.6131532,0.60946625
636,0.6129641,0.60914916
637,0.61247313,0.6088319
638,0.612308,0.6085149
639,0.61222583,0.6081979
640,0.61159813,0.60788083
641,0.61118716,0.6075634
642,0.6108881,0.6072461
643,0.6107442,0.606929
644,0.610084,0.6066117
645,0.6097183,0.6062943
646,0.60909855,0.6059768
647,0.608779,0.6056594
648,0.60842973,0.60534185
649,0.6080367,0.6050244
650,0.60786474,0.6047068
651,0.6074616,0.60438937
652,0.60736763,0.6040718
653,0.60698223,0.60375416
654,0.6069526,0.6034366
655,0.6066139,0.603119
656,0.60627437,0.6028014
657,0.6055815,0.60248363
658,0.60534924,0.60216606
659,0.6048819,0.6018483
660,0.60437346,0.6015304
661,0.60396326,0.6012126
662,0.603709,0.60089487
663,0.60328776,0.600577
664,0.60299116,0.60025907
665,0.60279393,0.5999412
666,0.60243964,0.59962314
667,0.60210997,0.5993052
668,0.6017779,0.59898716
669,0.6013286,0.59866923
670,0.60115016,0.5983512
671,0.6006169,0.59803295
672,0.60013294,0.5977149
673,0.59984004,0.5973968
674,0.5994052,0.5970786
675,0.5992736,0.5967604
676,0.59873354,0.59644216
677,0.5986412,0.59612393
678,0.5982475,0.5958057
679,0.59789264,0.5954873
680,0.59779763,0.59516907
681,0.59718835,0.5948507
682,0.59670216,0.5945323
683,0.59659696,0.59421396
684,0.5962679,0.59389544
685,0.5958735,0.593577
686,0.5952801,0.5932585
687,0.594932,0.59294
688,0.5944985,0.5926214
689,0.59394544,0.59230286
690,0.59366333,0.59198415
691,0.5931325,0.5916655
692,0.5928229,0.5913466
693,0.5925306,0.5910278
694,0.5922586,0.5907091
695,0.5917437,0.5903901
696,0.59149027,0.5900714
697,0.5912173,0.58975244
698,0.59108686,0.58943355
699,0.59083176,0.5891147
700,0.590419,0.5887957
701,0.59027433,0.5884767
702,0.5897024,0.58815765
703,0.5893245,0.58783865
704,0.58879244,0.58751965
705,0.58847153,0.5872005
706,0.5881375,0.5868812
707,0.58762497,0.58656204
708,0.58714545,0.58624285
709,0.5867337,0.58592355
710,0.58615446,0.58560437
711,0.5857878,0.58528507
712,0.5852498,0.5849657
713,0.5847949,0.5846463
714,0.5845128,0.5843269
715,0.58414334,0.5840073
716,0.58363235,0.583688
717,0.5831871,0.58336836
718,0.58272976,0.58304876
719,0.58248675,0.5827291
720,0.5822896,0.5824096
721,0.58185077,0.58208984
722,0.5814253,0.58177024
723,0.58119255,0.58145046
724,0.58086234,0.5811306
725,0.58044356,0.580811
726,0.580221,0.58049124
727,0.57967603,0.5801714
728,0.57939893,0.5798515
729,0.57920086,0.57953155
730,0.5786153,0.5792118
731,0.57843804,0.5788918
732,0.5779357,0.57857186
733,0.5776285,0.5782519
734,0.57689714,0.57793194
735,0.57675683,0.57761186
736,0.57636374,0.5772917
737,0.5760361,0.57697165
738,0.5757686,0.5766517
739,0.5751599,0.57633144
740,0.57460356,0.5760112
741,0.5742518,0.5756909
742,0.57377857,0.57537067
743,0.5733464,0.57505023
744,0.57297635,0.57472986
745,0.57257044,0.57440954
746,0.57215834,0.574089
747,0.57207066,0.5737686
748,0.57172567,0.5734482
749,0.5714559,0.5731276
750,0.5710105,0.572807
751,0.5705923,0.57248646
752,0.5700747,0.5721659
753,0.5696542,0.5718452
754,0.5693188,0.57152456
755,0.5688058,0.5712039
756,0.5683777,0.57088315
757,0.5679247,0.5705624
758,0.5674883,0.5702415
759,0.5670353,0.56992066
760,0.5668546,0.56959975
761,0.5664179,0.569279
762,0.5661608,0.568958
763,0.56561565,0.56863695
764,0.5654476,0.56831604
765,0.56518334,0.56799513
766,0.56505626,0.5676741
767,0.56472075,0.56735307
768,0.56464016,0.56703204
769,0.5643173,0.56671095
770,0.56392753,0.5663898
771,0.56348264,0.5660687
772,0.56280726,0.5657474
773,0.5623479,0.56542605
774,0.56176525,0.56510466
775,0.5611649,0.56478333
776,0.56058896,0.5644621
777,0.55987704,0.5641406
778,0.5595969,0.5638191
779,0.559082,0.5634977
780,0.558567,0.5631761
781,0.5581882,0.5628544
782,0.55771554,0.5625328
783,0.5573023,0.5622111
784,0.55693525,0.5618894
785,0.5564677,0.5615676
786,0.55585146,0.5612458
787,0.55546284,0.560924
788,0.55474067,0.5606022
789,0.5542556,0.5602802
790,0.55401754,0.5599582
791,0.5535943,0.55963624
792,0.5530369,0.55931425
793,0.5527961,0.5589923
794,0.5524209,0.55867016
795,0.5518841,0.55834806
796,0.5515043,0.5580258
797,0.55130345,0.5577035
798,0.55102277,0.55738133
799,0.550481,0.55705905
800,0.5503115,0.55673695
801,0.55004776,0.55641466
802,0.54965496,0.5560924
803,0.54930854,0.55577004
804,0.54904115,0.55544764
805,0.54872745,0.5551252
806,0.5483423,0.5548029
807,0.54797584,0.55448043
808,0.547509,0.55415785
809,0.5471617,0.5538353
810,0.54682004,0.5535128
811,0.5462463,0.55319035
812,0.54631305,0.55286777
813,0.5457213,0.552545
814,0.5456115,0.5522224
815,0.5452529,0.5518998
816,0.54471225,0.55157703
817,0.5444935,0.5512543
818,0.544204,0.5509315
819,0.5438482,0.55060875
820,0.5433892,0.5502858
821,0.54311174,0.5499629
822,0.54267097,0.5496401
823,0.54229695,0.54931706
824,0.54217124,0.5489941
825,0.5416087,0.54867125
826,0.54127866,0.5483481
827,0.5406581,0.5480251
828,0.5403961,0.54770184
829,0.5398038,0.5473788
830,0.5395205,0.54705554
831,0.53910965,0.5467323
832,0.53843975,0.5464091
833,0.5381634,0.5460859
834,0.53768116,0.5457625
835,0.5373392,0.54543924
836,0.5369771,0.5451157
837,0.53674406,0.54479235
838,0.53623915,0.54446894
839,0.5361211,0.5441455
840,0.5358838,0.543822
841,0.5356724,0.54349846
842,0.5352807,0.5431749
843,0.5351875,0.5428515
844,0.53489834,0.54252785
845,0.5348395,0.54220444
846,0.53454465,0.5418807
847,0.5340773,0.5415572
848,0.5334223,0.5412336
849,0.5331366,0.5409099
850,0.532709,0.54058605
851,0.532166,0.5402622
852,0.5316496,0.5399385
853,0.5313773,0.5396146
854,0.53091145,0.5392908
855,0.53061354,0.5389669
856,0.53014445,0.5386429
857,0.52959776,0.5383189
858,0.5292557,0.53799486
859,0.5287274,0.5376707
860,0.52835894,0.53734654
861,0.5278444,0.53702235
862,0.5275726,0.53669816
863,0.5273472,0.53637385
864,0.5269713,0.53604954
865,0.52668995,0.53572536
866,0.5264465,0.53540087
867,0.52614385,0.53507656
868,0.5259055,0.53475237
869,0.5253464,0.5344279
870,0.52510685,0.5341037
871,0.52467054,0.5337792
872,0.52431226,0.5334547
873,0.5237484,0.5331302
874,0.52324265,0.53280574
875,0.5224894,0.5324811
876,0.52211607,0.53215647
877,0.5215031,0.5318318
878,0.52106524,0.531507
879,0.5203601,0.5311822
880,0.52007484,0.53085715
881,0.5194154,0.5305322
882,0.5192283,0.5302074
883,0.51865613,0.52988243
884,0.51835334,0.5295572
885,0.51787275,0.5292321
886,0.5175432,0.528907
887,0.51709926,0.5285819
888,0.5167564,0.5282568
889,0.51628613,0.5279317
890,0.5162456,0.52760655
891,0.51599675,0.5272813
892,0.51548415,0.526956
893,0.5151429,0.52663094
894,0.51464057,0.5263057
895,0.5141882,0.5259804
896,0.513698,0.52565485
897,0.5132248,0.5253294
898,0.51281714,0.52500397
899,0.5123615,0.5246786
900,0.5120873,0.52435297
901,0.51159835,0.5240273
902,0.51130927,0.52370155
903,0.5111785,0.5233758
904,0.5105818,0.52305025
905,0.51045597,0.5227245
906,0.51001287,0.52239877
907,0.509682,0.52207303
908,0.50911766,0.5217473
909,0.5089806,0.52142143
910,0.50850767,0.5210957
911,0.5082057,0.52076983
912,0.5075495,0.5204438
913,0.50724554,0.5201177
914,0.5068968,0.51979166
915,0.5064022,0.5194656
916,0.50622445,0.5191396
917,0.505712,0.51881355
918,0.50520873,0.51848733
919,0.50486225,0.5181612
920,0.504231,0.51783496
921,0.50394475,0.5175086
922,0.5035577,0.51718223
923,0.50313866,0.5168561
924,0.50273657,0.51652956
925,0.5026407,0.51620317
926,0.5020442,0.51587665
927,0.5017419,0.5155503
928,0.50144327,0.5152237
929,0.50086814,0.51489717
930,0.5004611,0.5145705
931,0.49998203,0.51424366
932,0.49950776,0.51391715
933,0.49911505,0.51359034
934,0.49872583,0.51326364
935,0.4982596,0.51293683
936,0.49787003,0.51261
937,0.49730766,0.5122832
938,0.49704236,0.5119562
939,0.4968095,0.5116294
940,0.49648008,0.5113024
941,0.49610412,0.5109753
942,0.49580204,0.5106483
943,0.49534065,0.5103212
944,0.49482286,0.5099941
945,0.49456948,0.5096669
946,0.49394336,0.50933963
947,0.49358806,0.5090125
948,0.49318796,0.50868523
949,0.4930256,0.50835794
950,0.4923706,0.50803065
951,0.49184433,0.5077032
952,0.49144349,0.5073759
953,0.4911496,0.5070485
954,0.49052778,0.50672084
955,0.49013656,0.50639343
956,0.48959056,0.50606585
957,0.48914397,0.5057382
958,0.48852867,0.5054106
959,0.4881686,0.5050827
960,0.4877871,0.50475496
961,0.48740536,0.5044272
962,0.48702124,0.5040994
963,0.4866761,0.50377154
964,0.48613352,0.50344366
965,0.4857277,0.5031159
966,0.48552006,0.50278795
967,0.4849769,0.5024599
968,0.484535,0.5021318
969,0.48400283,0.50180364
970,0.48368168,0.5014754
971,0.48310944,0.50114733
972,0.48266566,0.50081915
973,0.48257625,0.5004909
974,0.4822418,0.50016266
975,0.48192155,0.4998343
976,0.4813717,0.49950594
977,0.4809138,0.49917758
978,0.48052302,0.49884903
979,0.48030454,0.49852067
980,0.4798392,0.49819198
981,0.47951874,0.49786344
982,0.47898093,0.49741834
983,0.47875956,0.49697307
984,0.47834352,0.496528
985,0.47778887,0.49608275
986,0.4771976,0.4956375
987,0.47681564,0.4951923
988,0.47650725,0.49474707
989,0.4758741,0.4943017
990,0.4755913,0.49385634
991,0.4750184,0.4934106
992,0.47490823,0.49296507
993,0.47445324,0.49251956
994,0.4741351,0.49207404
995,0.47367173,0.49162838
996,0.47341257,0.4911829
997,0.47297186,0.49073705
998,0.47267193,0.49029145
999,0.47202194,0.48984563
1000,0.4718364,0.48939982
1001,0.47138083,0.48895407
1002,0.4711587,0.48850828
1003,0.47046006,0.48806256
1004,0.47019142,0.48761684
1005,0.46991128,0.4871711
1006,0.4695702,0.48672503
1007,0.4693138,0.48627916
1008,0.46881264,0.4858333
1009,0.46841592,0.48538727
1010,0.4683667,0.48494145
1011,0.46797103,0.48449525
1012,0.46754825,0.48404926
1013,0.46725053,0.48360288
1014,0.4667787,0.48315692
1015,0.466229,0.4827106
1016,0.46563458,0.4822645
1017,0.46502197,0.48181817
1018,0.46450824,0.4813719
1019,0.4641028,0.48092562
1020,0.46363878,0.48047918
1021,0.46296293,0.48003256
1022,0.462721,0.47958595
1023,0.46220225,0.47913936
1024,0.46186903,0.47869256
1025,0.46128193,0.478246
1026,0.46087426,0.47779927
1027,0.46042144,0.47735274
1028,0.4598035,0.47690582
1029,0.45924166,0.47645894
1030,0.45874172,0.47601208
1031,0.45833987,0.47556522
1032,0.4580724,0.4751182
1033,0.45756352,0.47467116
1034,0.45703202,0.47422436
1035,0.45668018,0.47377738
1036,0.4563676,0.4733302
1037,0.4559763,0.47288305
1038,0.45555264,0.47243613
1039,0.45512426,0.471989
1040,0.4549353,0.4715419
1041,0.45451713,0.47109443
1042,0.4541695,0.47064736
1043,0.45380294,0.4702003
1044,0.45339334,0.46975288
1045,0.45303756,0.46930566
1046,0.45266175,0.46885848
1047,0.45207298,0.4684109
1048,0.45167905,0.46796376
1049,0.4514048,0.4675164
1050,0.45075098,0.46706888
1051,0.4503708,0.46662158
1052,0.45004377,0.4661739
1053,0.44955721,0.46572623
1054,0.4492776,0.46527857
1055,0.448974,0.4648311
1056,0.44849536,0.4643833
1057,0.44827175,0.46393532
1058,0.44783825,0.46348754
1059,0.44749242,0.46303955
1060,0.4470135,0.4625918
1061,0.44650346,0.46214387
1062,0.4462637,0.46169597
1063,0.4457917,0.46124807
1064,0.4452993,0.4608002
1065,0.44499528,0.46035233
1066,0.44466567,0.45990428
1067,0.4443858,0.45945626
1068,0.44389457,0.45900846
1069,0.44366974,0.45856026
1070,0.44342792,0.4581121
1071,0.4429913,0.45766392
1072,0.44265962,0.4572158
1073,0.44213557,0.45676768
1074,0.44157165,0.45631936
1075,0.4412836,0.4558709
1076,0.44090486,0.4554226
1077,0.44052932,0.45497438
1078,0.4401674,0.45452595
1079,0.439685,0.4540775
1080,0.4389533,0.45362893
1081,0.43831813,0.45318034
1082,0.43797165,0.4527318
1083,0.43724507,0.45228305
1084,0.4367607,0.45183453
1085,0.436343,0.4513854
1086,0.43567908,0.45093653
1087,0.43524808,0.45048767
1088,0.43471438,0.45003882
1089,0.43445614,0.44958976
1090,0.43396065,0.44914076
1091,0.43357974,0.44869176
1092,0.4331017,0.44824257
1093,0.43289042,0.4477934
1094,0.43256766,0.44734427
1095,0.43206143,0.44689512
1096,0.43157887,0.44644603
1097,0.4311846,0.4459969
1098,0.4306423,0.44554746
1099,0.43020758,0.4450982
1100,0.42989635,0.44464874
1101,0.42936507,0.44419932
1102,0.4287417,0.44374973
1103,0.4283626,0.44330016
1104,0.42793208,0.4428506
1105,0.42741376,0.4424008
1106,0.427127,0.4419511
1107,0.42682964,0.44150177
1108,0.42647317,0.44105187
1109,0.4259954,0.4406022
1110,0.42575836,0.44015253
1111,0.42535672,0.4397025
1112,0.42488882,0.43925267
1113,0.42453456,0.43880266
1114,0.42410666,0.43835267
1115,0.4236738,0.4379029
1116,0.42332223,0.43745294
1117,0.42295033,0.43700302
1118,0.42241588,0.43655288
1119,0.42206258,0.4361028
1120,0.42180973,0.4356527
1121,0.42157304,0.43520224
1122,0.4211892,0.4347522
1123,0.42091522,0.43430197
1124,0.4204901,0.43385175
1125,0.42019466,0.43340155
1126,0.4197078,0.432951
1127,0.4192099,0.43250063
1128,0.41881332,0.4320503
1129,0.4184332,0.43159977
1130,0.41781896,0.43114927
1131,0.4174874,0.43069878
1132,0.41708404,0.4302481
1133,0.41658425,0.42979747
1134,0.41652453,0.42934683
1135,0.41609764,0.42889643
1136,0.41566667,0.42844543
1137,0.4154634,0.42799464
1138,0.41490567,0.4275439
1139,0.41476476,0.42709315
1140,0.41420817,0.42664224
1141,0.41364455,0.42619133
1142,0.4130994,0.42574045
1143,0.41266218,0.42528936
1144,0.41231918,0.4248383
1145,0.4117621,0.42438728
1146,0.41152784,0.42393607
1147,0.41110677,0.42348468
1148,0.41089636,0.42303368
1149,0.4104483,0.42258233
1150,0.41001812,0.422131
1151,0.40963122,0.42167985
1152,0.40929615,0.42122835
1153,0.40894517,0.42077687
1154,0.40848464,0.4203256
1155,0.4082172,0.41987395
1156,0.40776736,0.4194225
1157,0.40718296,0.4189709
1158,0.40673956,0.4185191
1159,0.40630868,0.41806734
1160,0.40572417,0.41761556
1161,0.40515503,0.41716364
1162,0.40474713,0.41671172
1163,0.40431666,0.41625962
1164,0.4040052,0.41580752
1165,0.40347442,0.41535544
1166,0.40312338,0.4149034
1167,0.4026318,0.41445136
1168,0.4021858,0.41399917
1169,0.4017377,0.41354677
1170,0.40142298,0.4130944
1171,0.40074113,0.41264203
1172,0.40033245,0.41218948
1173,0.39984304,0.41173717
1174,0.39954,0.4112847
1175,0.39917314,0.410832
1176,0.39895114,0.41037932
1177,0.39842743,0.40992668
1178,0.39826024,0.40947405
1179,0.39792192,0.40902144
1180,0.39762878,0.40856883
1181,0.39736834,0.40811607
1182,0.3969292,0.40766332
1183,0.39671627,0.40721077
1184,0.39628297,0.40675786
1185,0.3959422,0.40630496
1186,0.3956117,0.40585205
1187,0.39539963,0.405399
1188,0.39497367,0.40494615
1189,0.39463323,0.4044933
1190,0.39431304,0.4040401
1191,0.3939296,0.4035871
1192,0.3936813,0.40313393
1193,0.39333183,0.40268078
1194,0.39267233,0.40222746
1195,0.3922293,0.40177432
1196,0.39161366,0.40132084
1197,0.3912993,0.40086755
1198,0.39096242,0.40041408
1199,0.39042196,0.39996064
1200,0.3900205,0.39950702
1201,0.38949397,0.3990534
1202,0.3891567,0.39859962
1203,0.3887557,0.39814606
1204,0.38834473,0.3976923
1205,0.3880862,0.39723855
1206,0.3875876,0.39678466
1207,0.38697666,0.39633074
1208,0.386562,0.39587688
1209,0.3860519,0.39542302
1210,0.38571382,0.39496878
1211,0.3852006,0.39451456
1212,0.3847383,0.39406055
1213,0.3842954,0.3936062
1214,0.3837125,0.39315182
1215,0.38322958,0.39269727
1216,0.38280627,0.39224294
1217,0.3823901,0.39178842
1218,0.38212472,0.39133394
1219,0.3816719,0.39087948
1220,0.3811503,0.39042482
1221,0.38084555,0.38997
1222,0.38039312,0.38951537
1223,0.3801645,0.38906038
1224,0.37964368,0.3886056
1225,0.37928438,0.38815084
1226,0.37878257,0.3876959
1227,0.3783106,0.3872408
1228,0.37787065,0.3867859
1229,0.37760076,0.3863308
1230,0.3772276,0.38587573
1231,0.37682375,0.38542068
1232,0.37638718,0.38496527
1233,0.3760656,0.38451004
1234,0.37571084,0.38405466
1235,0.37549528,0.3835995
1236,0.37509084,0.38314414
1237,0.3747197,0.3826888
1238,0.3743435,0.3822333
1239,0.37383044,0.3817778
1240,0.37322134,0.38132232
1241,0.3727253,0.38086665
1242,0.37225005,0.38041082
1243,0.3718512,0.3799552
1244,0.37126103,0.3794992
1245,0.37078023,0.3790434
1246,0.37028435,0.37858725
1247,0.3698429,0.3781313
1248,0.36964807,0.37767538
1249,0.36924037,0.37721926
1250,0.36906052,0.3767632
1251,0.36869997,0.37630692
1252,0.3683362,0.37585086
1253,0.36801058,0.37539464
1254,0.36758927,0.37493822
1255,0.36728805,0.37448204
1256,0.36684543,0.37402585
1257,0.36646283,0.3735695
1258,0.3659899,0.37311316
1259,0.36554983,0.37265664
1260,0.36506188,0.37220013
1261,0.36457944,0.37174365
1262,0.36426604,0.371287
1263,0.36378017,0.37083015
1264,0.3633216,0.37037334
1265,0.36268547,0.36991653
1266,0.3620981,0.36945933
1267,0.36149138,0.36900198
1268,0.36115816,0.36854503
1269,0.3606925,0.36808792
1270,0.36014387,0.36763042
1271,0.35971814,0.36717293
1272,0.3592397,0.36671546
1273,0.3588766,0.366258
1274,0.3584288,0.36580038
1275,0.35790405,0.36534297
1276,0.35757554,0.36488518
1277,0.35703737,0.3644276
1278,0.3567161,0.36396965
1279,0.3562854,0.36351192
1280,0.35587594,0.363054
1281,0.35553554,0.36259612
1282,0.35513976,0.36213824
1283,0.3547666,0.36168018
1284,0.3542081,0.36122215
1285,0.35395643,0.36076415
1286,0.35342988,0.36030594
1287,0.35323912,0.35984755
1288,0.35286856,0.3593894
1289,0.35247597,0.35893124
1290,0.35195208,0.35847294
1291,0.3515888,0.35801464
1292,0.35109237,0.35755613
1293,0.3506065,0.3570977
1294,0.3502112,0.35663924
1295,0.34966165,0.3561804
1296,0.34914717,0.3557218
1297,0.34873083,0.35526302
1298,0.3483192,0.35480407
1299,0.34801474,0.35434532
1300,0.34770036,0.35388637
1301,0.34727308,0.35342726
1302,0.34692672,0.3529684
1303,0.34658152,0.35250932
1304,0.3461408,0.35205045
1305,0.34575307,0.35159123
1306,0.34537762,0.351132
1307,0.3449566,0.3506728
1308,0.34457308,0.35021365
1309,0.344222,0.34975427
1310,0.34384194,0.34929475
1311,0.3435294,0.34883544
1312,0.34298202,0.34837574
1313,0.34249097,0.34791628
1314,0.3420119,0.3474566
1315,0.3414307,0.34699678
1316,0.3410387,0.34653696
1317,0.34051448,0.34607697
1318,0.34003547,0.34561718
1319,0.33941382,0.34515703
1320,0.33903253,0.3446971
1321,0.338556,0.34423676
1322,0.33804262,0.34377646
1323,0.337573,0.3433162
1324,0.33705592,0.34285575
1325,0.33658922,0.3423951
1326,0.336082,0.3419345
1327,0.33557695,0.34147388
1328,0.33532843,0.3410133
1329,0.33484754,0.34055236
1330,0.3344576,0.34009162
1331,0.33392555,0.3396307
1332,0.33360457,0.3391698
1333,0.33313388,0.3387089
1334,0.3326087,0.33824787
1335,0.33206666,0.33778682
1336,0.33158126,0.3373256
1337,0.33117512,0.33686438
1338,0.33054405,0.336403
1339,0.33002713,0.33594164
1340,0.32956147,0.33548012
1341,0.32894647,0.3350184
1342,0.32847068,0.3345569
1343,0.32803693,0.33409503
1344,0.3277359,0.33363315
1345,0.3271155,0.33317134
1346,0.32662135,0.3327091
1347,0.32609445,0.3322471
1348,0.3256489,0.33178493
1349,0.32529968,0.33132258
1350,0.32498893,0.33086044
1351,0.32451835,0.3303981
1352,0.32417613,0.32993582
1353,0.32381123,0.32947317
1354,0.3235281,0.3290109
1355,0.32321608,0.32854846
1356,0.32286724,0.32808602
1357,0.3225914,0.32762364
1358,0.32215637,0.32716104
1359,0.32177818,0.32669848
1360,0.32138366,0.32623595
1361,0.32095617,0.3257732
1362,0.32042947,0.3253105
1363,0.31985995,0.32484782
1364,0.3193462,0.32438478
1365,0.31887594,0.32392174
1366,0.31831822,0.3234587
1367,0.31759235,0.3229953
1368,0.31696507,0.32253194
1369,0.3165052,0.32206857
1370,0.31594598,0.32160503
1371,0.31541637,0.32114133
1372,0.31494948,0.32067782
1373,0.31432715,0.32021394
1374,0.31391457,0.3197501
1375,0.31343344,0.31928608
1376,0.31286493,0.31882206
1377,0.31236085,0.31835786
1378,0.31194445,0.31789368
1379,0.31139344,0.31742954
1380,0.3109399,0.3169652
1381,0.3105583,0.3165007
1382,0.30999982,0.3160364
1383,0.3094355,0.31557173
1384,0.30889052,0.3151073
1385,0.30830026,0.31464267
1386,0.3079466,0.31417784
1387,0.3073842,0.31371287
1388,0.30666792,0.3132481
1389,0.30603048,0.31278294
1390,0.3055832,0.31231782
1391,0.30504325,0.31185234
1392,0.3044698,0.31138724
1393,0.30401006,0.3109218
1394,0.3033597,0.31045613
1395,0.30304497,0.3099907
1396,0.30246162,0.30952471
1397,0.30190518,0.30905896
1398,0.30134866,0.308593
1399,0.30076846,0.30812705
1400,0.3002438,0.30766076
1401,0.29977915,0.30719465
1402,0.29934847,0.3067284
1403,0.2989583,0.30626234
1404,0.29851097,0.3057961
1405,0.2982333,0.30532968
1406,0.297831,0.3048631
1407,0.2976025,0.30439672
1408,0.29733884,0.30393016
1409,0.29699636,0.30346364
1410,0.2965265,0.30299714
1411,0.29605103,0.30253044
1412,0.29559568,0.30206358
1413,0.29512197,0.30159673
1414,0.2945652,0.3011297
1415,0.29402953,0.3006627
1416,0.29341704,0.3001953
1417,0.29274723,0.29972816
1418,0.29218003,0.29926082
1419,0.29170704,0.2987931
1420,0.29114318,0.2983256
1421,0.2905826,0.29785794
1422,0.29006428,0.29738986
1423,0.28937995,0.29692185
1424,0.28882998,0.29645365
1425,0.28818572,0.29598546
1426,0.2876712,0.2955173
1427,0.28708032,0.29504874
1428,0.28648904,0.29458004
1429,0.28593746,0.29411134
1430,0.28521854,0.29364246
1431,0.28469747,0.2931734
1432,0.28410372,0.29270416
1433,0.2835868,0.29223537
1434,0.2831349,0.291766
1435,0.2826126,0.2912966
1436,0.28220174,0.29082727
1437,0.28185987,0.29035753
1438,0.28138638,0.28988802
1439,0.28110096,0.28941837
1440,0.28075197,0.28894868
1441,0.28031805,0.28847906
1442,0.27987987,0.28800923
1443,0.27944162,0.28753942
1444,0.27892476,0.28706947
1445,0.2783808,0.2865993
1446,0.27781466,0.28612897
1447,0.2772074,0.28565887
1448,0.2765541,0.28518817
1449,0.2758952,0.2847175
1450,0.27536213,0.28424668
1451,0.27473116,0.28377566
1452,0.2741966,0.28330445
1453,0.2737326,0.2828331
1454,0.27296117,0.28236175
1455,0.27245423,0.28189003
1456,0.2718159,0.28141832
1457,0.27126038,0.28094643
1458,0.27063993,0.2804742
1459,0.2699723,0.28000197
1460,0.26919004,0.27952936
1461,0.26855913,0.2790568
1462,0.26793128,0.27858382
1463,0.26733965,0.2781107
1464,0.2666631,0.2776376
1465,0.26594946,0.2771643
1466,0.26528716,0.27669063
1467,0.26470816,0.2762168
1468,0.26415637,0.275743
1469,0.26353872,0.27526882
1470,0.26285952,0.27479464
1471,0.26223114,0.2743203
1472,0.26166123,0.27384558
1473,0.26109675,0.2733707
1474,0.2605308,0.27289584
1475,0.259855,0.27242061
1476,0.2592701,0.2719454
1477,0.25869817,0.2714696
1478,0.25807518,0.27099383
1479,0.25743705,0.27051768
1480,0.25692058,0.2700412
1481,0.25630903,0.2695645
1482,0.25561225,0.26908764
1483,0.25505784,0.26861042
1484,0.2544362,0.2681332
1485,0.25394717,0.26765543
1486,0.25344518,0.26717767
1487,0.2529363,0.26669955
1488,0.25237587,0.26622126
1489,0.25189376,0.26574257
1490,0.25136542,0.26526353
1491,0.25091392,0.26478451
1492,0.2504521,0.2643051
1493,0.25003925,0.26382554
1494,0.2496163,0.2633456
1495,0.24927342,0.2628657
1496,0.24887401,0.2623856
1497,0.24856427,0.26190513
1498,0.24826919,0.26142448
1499,0.24794823,0.26094368
1500,0.24764746,0.2604627
1501,0.24733716,0.25998172
1502,0.24708763,0.25950038
1503,0.24681662,0.25901905
1504,0.24655074,0.25853738
1505,0.24630293,0.25805572
1506,0.24609174,0.25757387
1507,0.24589117,0.25709164
1508,0.24569264,0.25660944
1509,0.2454926,0.25612688
1510,0.2452735,0.25564435
1511,0.2450895,0.25516143
1512,0.244905,0.25467873
1513,0.24472627,0.25419587
1514,0.2445494,0.25371242
1515,0.24437882,0.25322902
1516,0.2442343,0.25274542
1517,0.24408695,0.25226185
1518,0.24393146,0.25177792
1519,0.24378891,0.2512936
1520,0.24364726,0.2508091
1521,0.2435156,0.25032464
1522,0.24338736,0.24983981
1523,0.24325559,0.249355
1524,0.24315193,0.24887002
1525,0.24301949,0.24838504
1526,0.24289048,0.24789971
1527,0.24277915,0.2474142
1528,0.2426661,0.24692851
1529,0.24255201,0.24644284
1530,0.24243727,0.245957
1531,0.24229562,0.2454706
1532,0.24216247,0.24498461
1533,0.24203405,0.24449806
1534,0.24192412,0.24401112
1535,0.24181998,0.24352442
1536,0.2417268,0.24303733
1537,0.24161398,0.24255027
1538,0.24152859,0.24206305
1539,0.24143997,0.24157563
1540,0.24132416,0.24108805
1541,0.24121906,0.2406005
1542,0.24111447,0.24011256
1543,0.2409994,0.23962465
1544,0.24086629,0.23913656
1545,0.2407369,0.23864812
1546,0.24060762,0.2381595
1547,0.240489,0.23767069
1548,0.24034627,0.23718151
1549,0.24021143,0.23669218
1550,0.24007094,0.23620246
1551,0.23994055,0.23571257
1552,0.23980102,0.23522232
1553,0.23965836,0.2347319
1554,0.23952357,0.2342411
1555,0.23940471,0.23374994
1556,0.23929578,0.2332586
1557,0.23920184,0.23276709
1558,0.23911396,0.23227522
1559,0.2390281,0.23178355
1560,0.23896113,0.23129152
1561,0.23888963,0.2307993
1562,0.23882866,0.23030733
1563,0.23875201,0.22981477
1564,0.2386777,0.22932243
1565,0.23858586,0.22882992
1566,0.23851459,0.22833703
1567,0.2384307,0.22784418
1568,0.238347,0.22735116
1569,0.23825742,0.22685775
1570,0.23816441,0.22636399
1571,0.23808,0.22587024
1572,0.23799121,0.22537652
1573,0.23790224,0.22488223
1574,0.23783045,0.22438796
1575,0.23775372,0.22389352
1576,0.23767729,0.22339891
1577,0.23759611,0.22290413
1578,0.23752512,0.22240879
1579,0.23743996,0.22191365
1580,0.23736602,0.22141816
1581,0.23728833,0.22092229
1582,0.23720321,0.22042644
1583,0.23711845,0.21993023
1584,0.23701794,0.21943384
1585,0.2369358,0.21893728
1586,0.23683177,0.21844035
1587,0.23674303,0.21794327
1588,0.2366429,0.21744579
1589,0.23656777,0.21694815
1590,0.23647393,0.21645035
1591,0.2363921,0.21595198
1592,0.23630512,0.21545382
1593,0.23621768,0.21495529
1594,0.23613405,0.2144564
1595,0.23604254,0.21395734
1596,0.23595738,0.2134583
1597,0.235879,0.2129587
1598,0.2357837,0.21245912
1599,0.23569086,0.21195936
1600,0.23560697,0.21145904
1601,0.23551787,0.21095875
1602,0.23542432,0.21045808
1603,0.23534562,0.20995687
1604,0.23526773,0.20945586
1605,0.23518893,0.2089545
1606,0.23509808,0.20845295
1607,0.23502743,0.20795104
1608,0.23492405,0.20744896
1609,0.23482475,0.2069467
1610,0.23473136,0.20644408
1611,0.23462592,0.2059409
1612,0.23451772,0.20543756
1613,0.23441371,0.20493363
1614,0.2342923,0.20442975
1615,0.23417434,0.2039251
1616,0.23405656,0.20342028
1617,0.23394188,0.20291471
1618,0.23384786,0.20240878
1619,0.23375642,0.20190266
1620,0.2336617,0.2013958
1621,0.23356685,0.20088877
1622,0.23347597,0.20038137
1623,0.23338807,0.1998736
1624,0.23330683,0.19936547
1625,0.23321673,0.19885716
1626,0.23312896,0.1983483
1627,0.23304471,0.19783945
1628,0.23296069,0.19733006
1629,0.23287854,0.19682048
1630,0.23279107,0.19631036
1631,0.23270825,0.19580005
1632,0.2326147,0.19528939
1633,0.23251691,0.19477835
1634,0.23241834,0.19426696
1635,0.23230863,0.1937548
1636,0.23219386,0.1932421
1637,0.23206837,0.19272883
1638,0.23193908,0.19221482
1639,0.23181193,0.19170024
1640,0.23167229,0.19118471
1641,0.23152608,0.19066863
1642,0.23138618,0.19015141
1643,0.23123853,0.18963343
1644,0.23109095,0.18911451
1645,0.23094776,0.18859483
1646,0.23080993,0.18807422
1647,0.23067072,0.18755305
1648,0.23053287,0.18703112
1649,0.23040105,0.18650825
1650,0.23026718,0.18598501
1651,0.23013505,0.18546103
1652,0.22999747,0.18493609
1653,0.22986373,0.1844106
1654,0.2297309,0.18388456
1655,0.22959924,0.18335757
1656,0.22945789,0.18283002
1657,0.22931877,0.18230134
1658,0.22917148,0.1817719
1659,0.22902262,0.18124153
1660,0.22886452,0.1807102
1661,0.22870287,0.18017793
1662,0.22853449,0.17964433
1663,0.2283552,0.17910941
1664,0.2281734,0.17857334
